title,category,reward
"[3차 앵콜] 단 50초완성, 캠핑에서 침대의 쿠션감을 즐기는 에어소파!",여행·레저,124%
60년 스텐 제조사가 만들었어요 | 8만개 팔린 9만원대 통3중 코펠세트,여행·레저,5938%
[아마존 여름템 1위] 스노클링 하이드로핀 하나면 완벽한 휴가준비 끝!,여행·레저,3280%
150리터 대용량 내하중 80kg 아우틴스 블루 웨건 우드 상판 포함,여행·레저,6%
[내 손안의 작은 불 멍] 더 밝고 더 안전한 감성랜턴 골든레버,여행·레저,60%
[Oregon Creek] 오레곤 크릭 카모 캠핑체어,여행·레저,2%
"금액을 확 낮췄다, 뭐가 들었을까? 사진찍고싶은 우드 캠핑용 양념 박스",여행·레저,217%
작은 스토브가 맵다! 미친 크기와 화력 [플라타 랜더.D 스토브],여행·레저,6624%
"[하이엔드 요트투어] 한강, 도심 속 힐링 요트크루즈",여행·레저,12%
[마지막 앵콜] 캠핑/낚시/등산 러버를 위한 캐터필라 충전식 넥 라이트,여행·레저,1062%
캠핑불판 이거하나면 끝! 직화/꼬치/국물/석쇠를 품은 코그릴 만능 불판!,여행·레저,94%
두드려라 열릴 것이다! 미친 성능의 자동 트렁크 노크 센서,여행·레저,2018%
[앵콜] 버튼을 누르지 않아도 높낮이 조절 가능한 알루미늄 타프 폴대,여행·레저,1001%
[워터저그&탄산저그] 시원함은 기본! 짜릿한 탄산까지 꽉! 붙잡았습니다.,여행·레저,2030%
"[어나더라이프 감성담요] 게으르고 싶은 나를 위한 ""애착 블랭킷""",여행·레저,437%
[웨건이 벤치가 됩니다] 파라솔로 그늘까지 만드는 만능 벤치웨건,여행·레저,3689%
미니멀 감성 캠핑의 시작 l 버너&테이블 세트하나면 정말정말 충분해!,여행·레저,1510%
[앵콜] 켈티 콤비 타프/텐트 - 10가지 조합으로 구성하는 텐트와 타프,여행·레저,40%
"행어와 선반을 동시에, 무겁게 따로 갖고 다니지 마세요~!",여행·레저,62%
캠핑을 더욱 자유롭게 즐기는 방법 [번투드 서퍼 캠핑 테이블],여행·레저,36%
부산 바디프로필 여행,여행·레저,332%
모기향도 예쁘게 피우자! 감성을 채워주는 모기향 거치대,여행·레저,451%
[누적1억/앵콜] 70주년 미국 브랜드 '켈티'의 입문용 캠핑 세트,여행·레저,1860%
[어닝이 1.6m 사이즈로 접힙니다] 펼쳐서 쓰는 어닝 & 타프 분리가능,여행·레저,116%
[ 우드나인 ] 감성캠핑 필수템 원목 모기향 거치대,여행·레저,842%
뚜껑만 열려요? 앞뒤 양문오픈형 폴딩박스 or 2초면 설치끝! 캠핑테이블,여행·레저,1897%
매트한 블랙 바늘빼기 멋진 낚시러의 선택,여행·레저,22%
아직도 야외에서 햇빛 피해 다니시나요? 휴대용 그늘막 타프면 고민 끝!!,여행·레저,12%
[2022 대학생 87km 비치대장정] 바다를 바꾸는 힘찬 발걸음,여행·레저,4113%
벽에 붙이는 포스터 운동일지 [더짐],여행·레저,0%
"자, 하늘을 날아볼까요? 체험부터 자격증까지~ 가까운 용인으로 떠나요!",여행·레저,815%
내 차와 함께 9분이면 완성! 폴대가 필요없는 캄포 에어텐트,여행·레저,93%
3천 캠핑인들이 인증한 우중캠핑의 명가 I 드베르그 여름 감성 캠핑 세트,여행·레저,920%
[앵콜] 심쿵주의! 다시 돌아온 타케노코키홀더!,여행·레저,562%
"[조기마감주의] 앵콜 캠핑필수, Real 불맛내는 직화 시어잘 토치",여행·레저,347%
[백패커 & 아웃사이드 극찬] 캠핑의 월드클라스 로손 해먹!,여행·레저,4718%
[역대급 화로대!]불멍 기어 누적 펀딩 12억! 우드앤번의 새로운 역작!,여행·레저,2173%
시끄러운 바퀴는 그만! 저소음 러버휠로 야간에도 매너 캠핑 하세요~,여행·레저,2453%
[카니멀라이프] 가볍게 떠나는 여행엔! 차량 필수템ㅣ차량용 테이블,여행·레저,281%
"""오늘 저녁, 내가 있는 곳이 바로 캠핑장"" 레이, 나만의 캠핑카가 되다",여행·레저,0%
[모기 벌레 퇴치]하는 캠핑 선풍기 대용량 배터리 서큘레이터 크루카,여행·레저,4626%
코막FL 캠핑 감성 우드행어 (랜턴 & 캠핑 옷걸이 행어),여행·레저,33%
[글로벌 20억 펀딩]해외에서 난리 난 <007급> 프리미엄 캐리어!,여행·레저,952%
캠퍼 엄마들이 만든 시즈닝 오일 페이퍼,여행·레저,831%
[앵콜] 이 손바닥만한게 온열매트라고?! 땀뻘뻘 초경량 온열매트 포켓베드,여행·레저,2493%
[누적 1억] 불이 빙글빙글 돌아갑니다. #토네이도 #볼칸스토브 #캠핑,여행·레저,136%
앵콜 1만원대 접히는 대용량 캠핑가방! 수납의 질이 달라지는걸 느껴보세요,여행·레저,1230%
[조기마감주의] 연기 멈춰! 기름이 비켜가는 기와 닮은 가성비 고기 그릴,여행·레저,3544%
